Designator,Val,Package,Mid X (mm),Mid Y (mm),Rotation,Layer
"C24","1uF","C_0402_1005Metric",84.2416,76.6775,180.0,Top
"C25","1uF","C_0402_1005Metric",85.8603,89.9922,-90.0,Top
"D1","TPD4S012DRYR","SON50P100X145X60-6N",77.0382,86.4362,0.0,Top
"U5","TMP117NAIYBGR","Texas_DSBGA-6_0.9x1.4mm_Layout2x3_P0.5mm",95.6615,107.2540,0.0,Top
"U6","MAX30102","Maxim_OLGA-14_3.3x5.6mm_P0.8mm",84.2416,74.2010,-90.0,Top
"R14","100K","R_0402_1005Metric",100.3910,118.5443,180.0,Top
"C16","2.2nF","C_0402_1005Metric",98.4860,120.4493,-90.0,Top
"C18","2.2nF","C_0402_1005Metric",97.2160,120.4493,-90.0,Top
"C19","100nF","C_0402_1005Metric",101.0260,120.4493,-90.0,Top
"C20","2.2nF","C_0402_1005Metric",99.7560,120.4493,90.0,Top
"C15","2.2nF","C_0402_1005Metric",93.4060,120.4493,90.0,Top
"R5","10M","R_0402_1005Metric",90.8660,120.4493,-90.0,Top
"R8","40.2K","R_0402_1005Metric",94.6760,120.4493,-90.0,Top
"R12","100K","R_0402_1005Metric",89.5960,118.2903,-90.0,Top
"R13","0R","R_0402_1005Metric",88.3260,118.2903,-90.0,Top
"U3","ADS1292RIRSMT","QFN-32-1EP_4x4mm_P0.4mm_EP2.9x2.9mm",93.9140,116.1313,180.0,Top
"J14","503480-0600","MOLEX_503480-0600",95.5548,95.1992,0.0,Top
"J15","503480-0600","MOLEX_503480-0600",83.8708,82.8802,180.0,Top
"J13","503480-0600","MOLEX_503480-0600",95.6947,102.7638,180.0,Top
"R17","200K","R_0402_1005Metric",85.8710,87.7062,-90.0,Top
"R20","4.7K","R_0402_1005Metric",83.2675,87.7062,-90.0,Top
"R21","4.7K","R_0402_1005Metric",84.5693,87.7062,-90.0,Top
"U9","PCA9306DQER","X2SON-8_1.4x1mm_P0.35mm",78.7400,90.8050,180.0,Top
"J12","5034801400","5034801400",87.9348,93.8022,0.0,Top
"R22","100K","R_0402_1005Metric",88.9610,116.2583,0.0,Top
"F1","0ZCK0075FF2E","Fuse_0805_2012Metric",78.7400,87.7570,90.0,Top
"D2","WS2812B","LED_WS2812-2020",70.1548,95.9612,180.0,Top
"U1","BL654","XCVR_451-00001",95.6818,85.9282,-90.0,Top
"Y1","Crystal","ABS05-32.768KHZ-T",87.2998,82.6262,-90.0,Top
"C1","12pF","C_0402_1005Metric",87.1728,85.4202,-90.0,Top
"C2","10pF","C_0402_1005Metric",87.1728,87.7062,-90.0,Top
"C26","1uF","C_0402_1005Metric",87.1728,89.9922,-90.0,Top
"SW1","SW_Push","SW_B3U-3000P",75.1078,95.9612,0.0,Top
"J1","DX07S024XJ1R1100","JAE_DX07S024XJ1R1100",74.3458,86.1822,-90.0,Top
"J4","Conn_01x06","1.27mm_pads_01x06",72.6948,93.1672,180.0,Top
"C27","100nF","C_0402_1005Metric",84.5478,89.9922,-90.0,Top
"C28","10uF","C_0402_1005Metric",83.2353,89.9922,-90.0,Top
"U8","IIS2DLPCTR","LGA-12_2x2mm_P0.5mm",81.2038,87.4522,0.0,Top
"R18","4.7K","R_0402_1005Metric",80.5942,89.9922,90.0,Top
"R19","4.7K","R_0402_1005Metric",81.9150,89.9922,90.0,Top
"J8","503480-0600","MOLEX_503480-0600",85.3770,115.0722,-90.0,Top
"J6","ECG_LEFT_ARM","ECG_SNAP",116.7130,113.5380,0.0,Top
"R7","40.2K","R_0402_1005Metric",95.9460,120.4493,90.0,Top
"C21","47pF","C_0402_1005Metric",89.5960,120.4493,-90.0,Top
"R6","10M","R_0402_1005Metric",92.1360,120.4493,-90.0,Top
"R11","1M","R_0402_1005Metric",88.3260,120.4493,-90.0,Top
"C17","100nF","C_0402_1005Metric",98.2320,118.5443,180.0,Top
"J3","503480-0600","MOLEX_503480-0600",99.3750,115.0722,90.0,Top
"J19","MOUNTING_HOLE_MAIN","MountingHole_2.2mm_M2_DIN965_Pad",85.2272,120.0429,0.0,Top
"J20","MOUNTING_HOLE_ECG","MountingHole_2.2mm_M2_DIN965_Pad",80.5942,93.9292,0.0,Top
"J7","ECG_RIGHT_ARM","ECG_SNAP",67.8180,113.5380,0.0,Top
"C29","100nF","C_0402_1005Metric",79.2124,110.9548,90.0,Top
"J17","503480-0600","MOLEX_503480-0600",77.5614,115.3363,90.0,Top
"MIC1","ICS-43434","SPH0645LM4H-B",75.8469,110.9548,-90.0,Top
"C30","100nF","C_0402_1005Metric",105.3744,111.0082,90.0,Top
"J5","503480-0600","MOLEX_503480-0600",107.0381,115.3516,-90.0,Top
"MIC2","ICS-43434","SPH0645LM4H-B",108.7526,110.9701,90.0,Top
"J18","ECG_RIGHT_LEG","ECG_SNAP",99.5680,137.6680,0.0,Top
"J10","503480-0400","MOLEX_503480-0400",99.5680,128.1430,180.0,Top
"D3","MBR0540T1G","D_SOD-123",79.8830,83.4390,-90.0,Top
"C3","1uF","C_0402_1005Metric",73.0758,93.0910,180.0,Bottom
"R4","100K","R_0402_1005Metric",87.8840,93.5990,0.0,Bottom
"U2","LP5907MFX-3_3_NOPB","SOT-23-5",70.2818,94.3102,-90.0,Bottom
"U7","LP5907MFX-1.8/NOPB","SOT-23-5",84.7598,94.3102,-90.0,Bottom
"C23","100nF","C_0402_1005Metric",93.7870,116.7663,90.0,Bottom
"C22","10uF","C_0402_1005Metric",95.0570,116.7663,90.0,Bottom
"C5","10uF","C_0402_1005Metric",93.7870,114.6073,90.0,Bottom
"C8","100nF","C_0402_1005Metric",95.0570,114.6073,90.0,Bottom
"C9","10uF","C_0402_1005Metric",96.9620,114.6073,90.0,Bottom
"R10","10M","R_0402_1005Metric",95.9460,120.3223,-90.0,Bottom
"R16","45.3K","R_0402_1005Metric",90.8660,120.3223,-90.0,Bottom
"R15","45.3K","R_0402_1005Metric",92.1360,120.3223,-90.0,Bottom
"C10","100nF","C_0402_1005Metric",98.2320,114.6073,90.0,Bottom
"C11","1uF","C_0402_1005Metric",97.5970,113.0833,180.0,Bottom
"J9","503480-0400","MOLEX_503480-0400",99.6290,120.0683,180.0,Bottom
"J16","503480-0600","MOLEX_503480-0600",84.2416,75.4710,180.0,Bottom
"R9","10M","R_0402_1005Metric",94.6760,120.3223,90.0,Bottom
"C4","1uF","C_0402_1005Metric",73.0758,94.3356,0.0,Bottom
"C7","4.7uF","C_0402_1005Metric",87.8840,96.1390,0.0,Bottom
"R3","10K","R_0402_1005Metric",87.8840,94.8690,180.0,Bottom
"U4","MCP73831T-2ACI/OT","SOT-23-5",75.8698,94.3102,-90.0,Bottom
"C13","47nF","C_0402_1005Metric",98.2259,116.7689,-90.0,Bottom
"C14","47nF","C_0402_1005Metric",96.9653,116.7689,-90.0,Bottom
"C12","1uF","C_0402_1005Metric",93.4060,120.3223,90.0,Bottom
"P6","HORIZON MEDICAL LOGO","horizon_logo_silk_small",98.7552,86.6902,180.0,Bottom
"C6","4.7uF","C_0402_1005Metric",87.8840,92.3290,0.0,Bottom
"C31","100pF","C_0402_1005Metric",73.0758,95.5802,180.0,Bottom
"R1","100K","R_0402_1005Metric",89.7890,93.5990,0.0,Bottom
"R2","100K","R_0402_1005Metric",89.7890,94.8690,0.0,Bottom
"J11","5034801400","5034801400",87.9450,116.2583,0.0,Bottom
"J2","SM02B-SRSS-TB(LF)(SN)","JST_SH_SM02B-SRSS-TB_1x02-1MP_P1.00mm_Horizontal",96.1284,94.2603,-90.0,Bottom
"Q1","CSD23280F3","TRANS_CSD23280F3",91.9480,94.2086,-90.0,Bottom
